{
  "preset": "jest-expo",
  "bail": true,
  "transformIgnorePatterns": [
    "node_modules/(?!((jest-)?react-native|@react-native(-community)?)|expo(nent)?|@expo(nent)?/.*|@expo-google-fonts/.*|react-navigation|@react-navigation/.*|@unimodules/.*|unimodules|sentry-expo|native-base|react-native-svg)"
  ],
  "setupFilesAfterEnv": ["@testing-library/jest-native/extend-expect"],
  "testPathIgnorePatterns": [
    "./__tests__/mocks",
    "./__tests__/utils",
    "./__tests__/coverage"
  ],
  "setupFiles": [
    "./__tests__/mocks/libs/async-storage.js", 
    "./__tests__/mocks/libs/react-native-safe-area-context.js"
  ],
  "transform": {
    "^.+\\.jsx?$": "babel-jest",
    "^.+\\.svg$": "jest-transformer-svg"
  },
  "collectCoverageFrom": [
    ".src/**/*.{ts.tsx}",
    "!./src/**/styles.ts"
  ],
  "coveragePathIgnorePatterns": [
    "./src/@types",
    "./src/styles",
    "./src/libs/days",
    "./__tests__/coverage"
  ],
  "coverageDirectory": "./__tests__/coverage"
}