id,recipe_id,ingredient_id
2429177f-2d50-49b7-9d0d-8e99faa6cf7e,fe969106-8392-4ea5-8b07-f7fa96e1858e,8c093e53-b0f0-42f3-b48f-6715257468f5
e639de8c-9dfe-40b5-8d9c-00e5a2a8b83f,fe969106-8392-4ea5-8b07-f7fa96e1858e,f6c0f5d6-4f07-4ebe-873c-cd9a5be5e158
9f2551c1-9e04-4294-bea2-14cb1aa5f31e,179daa5e-0665-453e-985d-040d2914e3f0,8c093e53-b0f0-42f3-b48f-6715257468f5
344183b1-f192-41bf-b4fb-895f216c817d,179daa5e-0665-453e-985d-040d2914e3f0,549076e8-4e8a-4560-8db5-a211d2801f6b
15a57ff4-3c71-4afc-ba44-1c6be2b571cf,c6a69743-6e43-4994-b546-90aa44fc033e,2aa55beb-b33d-4252-b6b9-50d05cb40082
24b58360-278d-4f3f-8edc-8a8649ab9abb,c6a69743-6e43-4994-b546-90aa44fc033e,1aeab857-e984-47be-82f9-3f793ffc353e
14207b34-86da-42e3-8b95-8398dec8472c,c6a69743-6e43-4994-b546-90aa44fc033e,2aa55beb-b33d-4252-b6b9-50d05cb40082
7fc0e871-0549-4197-b9c3-192d10e5c5fa,c6a69743-6e43-4994-b546-90aa44fc033e,549076e8-4e8a-4560-8db5-a211d2801f6b